"d_year"|"s_city"|"p_brand1"|"profit"
1997|"UNITED ST0"|"MFGR#141"|191097084.00
1997|"UNITED ST0"|"MFGR#1410"|183072731.00
1997|"UNITED ST0"|"MFGR#1411"|206065899.00
1997|"UNITED ST0"|"MFGR#1412"|169447168.00
1997|"UNITED ST0"|"MFGR#1413"|143714569.00
1997|"UNITED ST0"|"MFGR#1414"|200724657.00
1997|"UNITED ST0"|"MFGR#1415"|150140356.00
1997|"UNITED ST0"|"MFGR#1416"|167964142.00
1997|"UNITED ST0"|"MFGR#1417"|154695529.00
1997|"UNITED ST0"|"MFGR#1418"|157564766.00
1997|"UNITED ST0"|"MFGR#1419"|134674652.00
1997|"UNITED ST0"|"MFGR#142"|148737375.00
1997|"UNITED ST0"|"MFGR#1420"|161059996.00
1997|"UNITED ST0"|"MFGR#1421"|179616619.00
1997|"UNITED ST0"|"MFGR#1422"|204462321.00
1997|"UNITED ST0"|"MFGR#1423"|168701256.00
1997|"UNITED ST0"|"MFGR#1424"|193473690.00
1997|"UNITED ST0"|"MFGR#1425"|166563180.00
1997|"UNITED ST0"|"MFGR#1426"|185630215.00
1997|"UNITED ST0"|"MFGR#1427"|147696666.00
1997|"UNITED ST0"|"MFGR#1428"|186516832.00
1997|"UNITED ST0"|"MFGR#1429"|158065854.00
1997|"UNITED ST0"|"MFGR#143"|182976170.00
1997|"UNITED ST0"|"MFGR#1430"|190698085.00
1997|"UNITED ST0"|"MFGR#1431"|149685989.00
1997|"UNITED ST0"|"MFGR#1432"|172183763.00
1997|"UNITED ST0"|"MFGR#1433"|180570941.00
1997|"UNITED ST0"|"MFGR#1434"|181521030.00
1997|"UNITED ST0"|"MFGR#1435"|132282107.00
1997|"UNITED ST0"|"MFGR#1436"|154306631.00
1997|"UNITED ST0"|"MFGR#1437"|149017855.00
1997|"UNITED ST0"|"MFGR#1438"|159242980.00
1997|"UNITED ST0"|"MFGR#1439"|132362614.00
1997|"UNITED ST0"|"MFGR#144"|126670701.00
1997|"UNITED ST0"|"MFGR#1440"|144735917.00
1997|"UNITED ST0"|"MFGR#145"|144088903.00
1997|"UNITED ST0"|"MFGR#146"|193530460.00
1997|"UNITED ST0"|"MFGR#147"|157829253.00
1997|"UNITED ST0"|"MFGR#148"|162814160.00
1997|"UNITED ST0"|"MFGR#149"|158757201.00
1997|"UNITED ST1"|"MFGR#141"|161892326.00
1997|"UNITED ST1"|"MFGR#1410"|187307683.00
1997|"UNITED ST1"|"MFGR#1411"|141146811.00
1997|"UNITED ST1"|"MFGR#1412"|165027615.00
1997|"UNITED ST1"|"MFGR#1413"|136851880.00
1997|"UNITED ST1"|"MFGR#1414"|125326579.00
1997|"UNITED ST1"|"MFGR#1415"|165331617.00
1997|"UNITED ST1"|"MFGR#1416"|130091960.00
1997|"UNITED ST1"|"MFGR#1417"|122780909.00
1997|"UNITED ST1"|"MFGR#1418"|191001443.00
1997|"UNITED ST1"|"MFGR#1419"|127303266.00
1997|"UNITED ST1"|"MFGR#142"|131630910.00
1997|"UNITED ST1"|"MFGR#1420"|164656267.00
1997|"UNITED ST1"|"MFGR#1421"|106221043.00
1997|"UNITED ST1"|"MFGR#1422"|124121064.00
1997|"UNITED ST1"|"MFGR#1423"|126345405.00
1997|"UNITED ST1"|"MFGR#1424"|122008937.00
1997|"UNITED ST1"|"MFGR#1425"|80944963.00
1997|"UNITED ST1"|"MFGR#1426"|129436656.00
1997|"UNITED ST1"|"MFGR#1427"|111991508.00
1997|"UNITED ST1"|"MFGR#1428"|113090637.00
1997|"UNITED ST1"|"MFGR#1429"|157805956.00
1997|"UNITED ST1"|"MFGR#143"|112312596.00
1997|"UNITED ST1"|"MFGR#1430"|138795563.00
1997|"UNITED ST1"|"MFGR#1431"|96742910.00
1997|"UNITED ST1"|"MFGR#1432"|165019587.00
1997|"UNITED ST1"|"MFGR#1433"|181296100.00
1997|"UNITED ST1"|"MFGR#1434"|146612712.00
1997|"UNITED ST1"|"MFGR#1435"|121252677.00
1997|"UNITED ST1"|"MFGR#1436"|158812577.00
1997|"UNITED ST1"|"MFGR#1437"|119607632.00
1997|"UNITED ST1"|"MFGR#1438"|122230330.00
1997|"UNITED ST1"|"MFGR#1439"|122908489.00
1997|"UNITED ST1"|"MFGR#144"|143094006.00
1997|"UNITED ST1"|"MFGR#1440"|146500373.00
1997|"UNITED ST1"|"MFGR#145"|174188007.00
1997|"UNITED ST1"|"MFGR#146"|193355367.00
1997|"UNITED ST1"|"MFGR#147"|156733101.00
1997|"UNITED ST1"|"MFGR#148"|98516105.00
1997|"UNITED ST1"|"MFGR#149"|130057843.00
1997|"UNITED ST2"|"MFGR#141"|83335974.00
1997|"UNITED ST2"|"MFGR#1410"|142910368.00
1997|"UNITED ST2"|"MFGR#1411"|84810982.00
1997|"UNITED ST2"|"MFGR#1412"|108163724.00
1997|"UNITED ST2"|"MFGR#1413"|107675647.00
1997|"UNITED ST2"|"MFGR#1414"|110605485.00
1997|"UNITED ST2"|"MFGR#1415"|145139138.00
1997|"UNITED ST2"|"MFGR#1416"|86741078.00
1997|"UNITED ST2"|"MFGR#1417"|116089021.00
1997|"UNITED ST2"|"MFGR#1418"|114623617.00
1997|"UNITED ST2"|"MFGR#1419"|94307734.00
1997|"UNITED ST2"|"MFGR#142"|129639544.00
1997|"UNITED ST2"|"MFGR#1420"|72039550.00
1997|"UNITED ST2"|"MFGR#1421"|108283459.00
1997|"UNITED ST2"|"MFGR#1422"|104003081.00
1997|"UNITED ST2"|"MFGR#1423"|110067048.00
1997|"UNITED ST2"|"MFGR#1424"|68119694.00
1997|"UNITED ST2"|"MFGR#1425"|105221902.00
1997|"UNITED ST2"|"MFGR#1426"|122264589.00
1997|"UNITED ST2"|"MFGR#1427"|64335944.00
1997|"UNITED ST2"|"MFGR#1428"|76437007.00
1997|"UNITED ST2"|"MFGR#1429"|76648105.00
1997|"UNITED ST2"|"MFGR#143"|104988245.00
1997|"UNITED ST2"|"MFGR#1430"|103227890.00
1997|"UNITED ST2"|"MFGR#1431"|130914952.00
1997|"UNITED ST2"|"MFGR#1432"|138417683.00
1997|"UNITED ST2"|"MFGR#1433"|125284179.00
1997|"UNITED ST2"|"MFGR#1434"|99559320.00
1997|"UNITED ST2"|"MFGR#1435"|144421129.00
1997|"UNITED ST2"|"MFGR#1436"|104008132.00
1997|"UNITED ST2"|"MFGR#1437"|113424108.00
1997|"UNITED ST2"|"MFGR#1438"|69013075.00
1997|"UNITED ST2"|"MFGR#1439"|96207631.00
1997|"UNITED ST2"|"MFGR#144"|77049850.00
1997|"UNITED ST2"|"MFGR#1440"|121790847.00
1997|"UNITED ST2"|"MFGR#145"|63920433.00
1997|"UNITED ST2"|"MFGR#146"|115086563.00
1997|"UNITED ST2"|"MFGR#147"|128746857.00
1997|"UNITED ST2"|"MFGR#148"|101443740.00
1997|"UNITED ST2"|"MFGR#149"|108362077.00
1997|"UNITED ST3"|"MFGR#141"|120263271.00
1997|"UNITED ST3"|"MFGR#1410"|151656176.00
1997|"UNITED ST3"|"MFGR#1411"|81832296.00
1997|"UNITED ST3"|"MFGR#1412"|106677881.00
1997|"UNITED ST3"|"MFGR#1413"|108613396.00
1997|"UNITED ST3"|"MFGR#1414"|148674941.00
1997|"UNITED ST3"|"MFGR#1415"|110990403.00
1997|"UNITED ST3"|"MFGR#1416"|112954503.00
1997|"UNITED ST3"|"MFGR#1417"|85746474.00
1997|"UNITED ST3"|"MFGR#1418"|85811572.00
1997|"UNITED ST3"|"MFGR#1419"|101830477.00
1997|"UNITED ST3"|"MFGR#142"|88536896.00
1997|"UNITED ST3"|"MFGR#1420"|117401456.00
1997|"UNITED ST3"|"MFGR#1421"|111401448.00
1997|"UNITED ST3"|"MFGR#1422"|94449616.00
1997|"UNITED ST3"|"MFGR#1423"|81284469.00
1997|"UNITED ST3"|"MFGR#1424"|122891388.00
1997|"UNITED ST3"|"MFGR#1425"|125757901.00
1997|"UNITED ST3"|"MFGR#1426"|128274279.00
1997|"UNITED ST3"|"MFGR#1427"|131089795.00
1997|"UNITED ST3"|"MFGR#1428"|54593886.00
1997|"UNITED ST3"|"MFGR#1429"|123427742.00
1997|"UNITED ST3"|"MFGR#143"|96692579.00
1997|"UNITED ST3"|"MFGR#1430"|109753742.00
1997|"UNITED ST3"|"MFGR#1431"|134488207.00
1997|"UNITED ST3"|"MFGR#1432"|94067139.00
1997|"UNITED ST3"|"MFGR#1433"|147220391.00
1997|"UNITED ST3"|"MFGR#1434"|123181357.00
1997|"UNITED ST3"|"MFGR#1435"|78160285.00
1997|"UNITED ST3"|"MFGR#1436"|173362285.00
1997|"UNITED ST3"|"MFGR#1437"|123850522.00
1997|"UNITED ST3"|"MFGR#1438"|112340052.00
1997|"UNITED ST3"|"MFGR#1439"|75815636.00
1997|"UNITED ST3"|"MFGR#144"|106943513.00
1997|"UNITED ST3"|"MFGR#1440"|84307112.00
1997|"UNITED ST3"|"MFGR#145"|123947434.00
1997|"UNITED ST3"|"MFGR#146"|130552081.00
1997|"UNITED ST3"|"MFGR#147"|108466669.00
1997|"UNITED ST3"|"MFGR#148"|118023947.00
1997|"UNITED ST3"|"MFGR#149"|124045520.00
1997|"UNITED ST4"|"MFGR#141"|99976399.00
1997|"UNITED ST4"|"MFGR#1410"|143739332.00
1997|"UNITED ST4"|"MFGR#1411"|193499454.00
1997|"UNITED ST4"|"MFGR#1412"|145354944.00
1997|"UNITED ST4"|"MFGR#1413"|143005475.00
1997|"UNITED ST4"|"MFGR#1414"|126368084.00
1997|"UNITED ST4"|"MFGR#1415"|228578189.00
1997|"UNITED ST4"|"MFGR#1416"|163280588.00
1997|"UNITED ST4"|"MFGR#1417"|216820074.00
1997|"UNITED ST4"|"MFGR#1418"|166345280.00
1997|"UNITED ST4"|"MFGR#1419"|136588544.00
1997|"UNITED ST4"|"MFGR#142"|149431795.00
1997|"UNITED ST4"|"MFGR#1420"|194017436.00
1997|"UNITED ST4"|"MFGR#1421"|150437031.00
1997|"UNITED ST4"|"MFGR#1422"|177153517.00
1997|"UNITED ST4"|"MFGR#1423"|142881545.00
1997|"UNITED ST4"|"MFGR#1424"|186811152.00
1997|"UNITED ST4"|"MFGR#1425"|182774068.00
1997|"UNITED ST4"|"MFGR#1426"|115821032.00
1997|"UNITED ST4"|"MFGR#1427"|149700817.00
1997|"UNITED ST4"|"MFGR#1428"|139901409.00
1997|"UNITED ST4"|"MFGR#1429"|153526883.00
1997|"UNITED ST4"|"MFGR#143"|120367351.00
1997|"UNITED ST4"|"MFGR#1430"|174727984.00
1997|"UNITED ST4"|"MFGR#1431"|136985659.00
1997|"UNITED ST4"|"MFGR#1432"|149191717.00
1997|"UNITED ST4"|"MFGR#1433"|176066209.00
1997|"UNITED ST4"|"MFGR#1434"|175394192.00
1997|"UNITED ST4"|"MFGR#1435"|188105009.00
1997|"UNITED ST4"|"MFGR#1436"|199356531.00
1997|"UNITED ST4"|"MFGR#1437"|127717638.00
1997|"UNITED ST4"|"MFGR#1438"|130484610.00
1997|"UNITED ST4"|"MFGR#1439"|117621492.00
1997|"UNITED ST4"|"MFGR#144"|180017631.00
1997|"UNITED ST4"|"MFGR#1440"|150462232.00
1997|"UNITED ST4"|"MFGR#145"|129955374.00
1997|"UNITED ST4"|"MFGR#146"|153304717.00
1997|"UNITED ST4"|"MFGR#147"|131443640.00
1997|"UNITED ST4"|"MFGR#148"|205528764.00
1997|"UNITED ST4"|"MFGR#149"|199869511.00
1997|"UNITED ST5"|"MFGR#141"|91665095.00
1997|"UNITED ST5"|"MFGR#1410"|108911510.00
1997|"UNITED ST5"|"MFGR#1411"|114585053.00
1997|"UNITED ST5"|"MFGR#1412"|143526657.00
1997|"UNITED ST5"|"MFGR#1413"|124367969.00
1997|"UNITED ST5"|"MFGR#1414"|164157407.00
1997|"UNITED ST5"|"MFGR#1415"|85964975.00
1997|"UNITED ST5"|"MFGR#1416"|103341083.00
1997|"UNITED ST5"|"MFGR#1417"|138723872.00
1997|"UNITED ST5"|"MFGR#1418"|112222900.00
1997|"UNITED ST5"|"MFGR#1419"|108258848.00
1997|"UNITED ST5"|"MFGR#142"|121164356.00
1997|"UNITED ST5"|"MFGR#1420"|120343561.00
1997|"UNITED ST5"|"MFGR#1421"|115635217.00
1997|"UNITED ST5"|"MFGR#1422"|111404754.00
1997|"UNITED ST5"|"MFGR#1423"|111333805.00
1997|"UNITED ST5"|"MFGR#1424"|175208415.00
1997|"UNITED ST5"|"MFGR#1425"|129430195.00
1997|"UNITED ST5"|"MFGR#1426"|123931780.00
1997|"UNITED ST5"|"MFGR#1427"|133732026.00
1997|"UNITED ST5"|"MFGR#1428"|146530123.00
1997|"UNITED ST5"|"MFGR#1429"|105276688.00
1997|"UNITED ST5"|"MFGR#143"|105411998.00
1997|"UNITED ST5"|"MFGR#1430"|127663046.00
1997|"UNITED ST5"|"MFGR#1431"|138528451.00
1997|"UNITED ST5"|"MFGR#1432"|118166325.00
1997|"UNITED ST5"|"MFGR#1433"|122552118.00
1997|"UNITED ST5"|"MFGR#1434"|195504227.00
1997|"UNITED ST5"|"MFGR#1435"|141976896.00
1997|"UNITED ST5"|"MFGR#1436"|154089029.00
1997|"UNITED ST5"|"MFGR#1437"|121677113.00
1997|"UNITED ST5"|"MFGR#1438"|115267380.00
1997|"UNITED ST5"|"MFGR#1439"|133589725.00
1997|"UNITED ST5"|"MFGR#144"|123651375.00
1997|"UNITED ST5"|"MFGR#1440"|117865388.00
1997|"UNITED ST5"|"MFGR#145"|140716380.00
1997|"UNITED ST5"|"MFGR#146"|129410731.00
1997|"UNITED ST5"|"MFGR#147"|102488597.00
1997|"UNITED ST5"|"MFGR#148"|100435820.00
1997|"UNITED ST5"|"MFGR#149"|119062045.00
1997|"UNITED ST6"|"MFGR#141"|158508735.00
1997|"UNITED ST6"|"MFGR#1410"|99568382.00
1997|"UNITED ST6"|"MFGR#1411"|129482652.00
1997|"UNITED ST6"|"MFGR#1412"|78155993.00
1997|"UNITED ST6"|"MFGR#1413"|140648756.00
1997|"UNITED ST6"|"MFGR#1414"|144147675.00
1997|"UNITED ST6"|"MFGR#1415"|141494755.00
1997|"UNITED ST6"|"MFGR#1416"|142367238.00
1997|"UNITED ST6"|"MFGR#1417"|130918395.00
1997|"UNITED ST6"|"MFGR#1418"|134955062.00
1997|"UNITED ST6"|"MFGR#1419"|102844651.00
1997|"UNITED ST6"|"MFGR#142"|133250174.00
1997|"UNITED ST6"|"MFGR#1420"|164697930.00
1997|"UNITED ST6"|"MFGR#1421"|151075276.00
1997|"UNITED ST6"|"MFGR#1422"|133930959.00
1997|"UNITED ST6"|"MFGR#1423"|119625066.00
1997|"UNITED ST6"|"MFGR#1424"|219392730.00
1997|"UNITED ST6"|"MFGR#1425"|131304790.00
1997|"UNITED ST6"|"MFGR#1426"|135115898.00
1997|"UNITED ST6"|"MFGR#1427"|120453247.00
1997|"UNITED ST6"|"MFGR#1428"|135184275.00
1997|"UNITED ST6"|"MFGR#1429"|118029266.00
1997|"UNITED ST6"|"MFGR#143"|94295963.00
1997|"UNITED ST6"|"MFGR#1430"|179507450.00
1997|"UNITED ST6"|"MFGR#1431"|183233547.00
1997|"UNITED ST6"|"MFGR#1432"|147542963.00
1997|"UNITED ST6"|"MFGR#1433"|164125972.00
1997|"UNITED ST6"|"MFGR#1434"|129773163.00
1997|"UNITED ST6"|"MFGR#1435"|136019292.00
1997|"UNITED ST6"|"MFGR#1436"|124645120.00
1997|"UNITED ST6"|"MFGR#1437"|165992628.00
1997|"UNITED ST6"|"MFGR#1438"|118512917.00
1997|"UNITED ST6"|"MFGR#1439"|125448816.00
1997|"UNITED ST6"|"MFGR#144"|140155959.00
1997|"UNITED ST6"|"MFGR#1440"|151496805.00
1997|"UNITED ST6"|"MFGR#145"|132785733.00
1997|"UNITED ST6"|"MFGR#146"|163169681.00
1997|"UNITED ST6"|"MFGR#147"|115785470.00
1997|"UNITED ST6"|"MFGR#148"|123982347.00
1997|"UNITED ST6"|"MFGR#149"|103501269.00
1997|"UNITED ST7"|"MFGR#141"|156237684.00
1997|"UNITED ST7"|"MFGR#1410"|169838469.00
1997|"UNITED ST7"|"MFGR#1411"|87085047.00
1997|"UNITED ST7"|"MFGR#1412"|172031328.00
1997|"UNITED ST7"|"MFGR#1413"|193848849.00
1997|"UNITED ST7"|"MFGR#1414"|143474604.00
1997|"UNITED ST7"|"MFGR#1415"|126241083.00
1997|"UNITED ST7"|"MFGR#1416"|120996129.00
1997|"UNITED ST7"|"MFGR#1417"|147369872.00
1997|"UNITED ST7"|"MFGR#1418"|150609957.00
1997|"UNITED ST7"|"MFGR#1419"|150992360.00
1997|"UNITED ST7"|"MFGR#142"|131374169.00
1997|"UNITED ST7"|"MFGR#1420"|142422215.00
1997|"UNITED ST7"|"MFGR#1421"|128960907.00
1997|"UNITED ST7"|"MFGR#1422"|139262377.00
1997|"UNITED ST7"|"MFGR#1423"|141891253.00
1997|"UNITED ST7"|"MFGR#1424"|104227403.00
1997|"UNITED ST7"|"MFGR#1425"|93708431.00
1997|"UNITED ST7"|"MFGR#1426"|171162318.00
1997|"UNITED ST7"|"MFGR#1427"|162970464.00
1997|"UNITED ST7"|"MFGR#1428"|108120208.00
1997|"UNITED ST7"|"MFGR#1429"|142469606.00
1997|"UNITED ST7"|"MFGR#143"|138303978.00
1997|"UNITED ST7"|"MFGR#1430"|206185950.00
1997|"UNITED ST7"|"MFGR#1431"|130236053.00
1997|"UNITED ST7"|"MFGR#1432"|158124080.00
1997|"UNITED ST7"|"MFGR#1433"|181428534.00
1997|"UNITED ST7"|"MFGR#1434"|154176274.00
1997|"UNITED ST7"|"MFGR#1435"|145820579.00
1997|"UNITED ST7"|"MFGR#1436"|125786341.00
1997|"UNITED ST7"|"MFGR#1437"|134957266.00
1997|"UNITED ST7"|"MFGR#1438"|149705788.00
1997|"UNITED ST7"|"MFGR#1439"|132953774.00
1997|"UNITED ST7"|"MFGR#144"|140332253.00
1997|"UNITED ST7"|"MFGR#1440"|149993001.00
1997|"UNITED ST7"|"MFGR#145"|140736842.00
1997|"UNITED ST7"|"MFGR#146"|122983331.00
1997|"UNITED ST7"|"MFGR#147"|144033637.00
1997|"UNITED ST7"|"MFGR#148"|81846135.00
1997|"UNITED ST7"|"MFGR#149"|138192815.00
1997|"UNITED ST8"|"MFGR#141"|112504679.00
1997|"UNITED ST8"|"MFGR#1410"|139021610.00
1997|"UNITED ST8"|"MFGR#1411"|72210932.00
1997|"UNITED ST8"|"MFGR#1412"|118065409.00
1997|"UNITED ST8"|"MFGR#1413"|103872380.00
1997|"UNITED ST8"|"MFGR#1414"|133081982.00
1997|"UNITED ST8"|"MFGR#1415"|139758197.00
1997|"UNITED ST8"|"MFGR#1416"|118243638.00
1997|"UNITED ST8"|"MFGR#1417"|103978816.00
1997|"UNITED ST8"|"MFGR#1418"|160821689.00
1997|"UNITED ST8"|"MFGR#1419"|164669838.00
1997|"UNITED ST8"|"MFGR#142"|119630119.00
1997|"UNITED ST8"|"MFGR#1420"|151130599.00
1997|"UNITED ST8"|"MFGR#1421"|141785297.00
1997|"UNITED ST8"|"MFGR#1422"|168270126.00
1997|"UNITED ST8"|"MFGR#1423"|106717282.00
1997|"UNITED ST8"|"MFGR#1424"|174470945.00
1997|"UNITED ST8"|"MFGR#1425"|96007884.00
1997|"UNITED ST8"|"MFGR#1426"|110783637.00
1997|"UNITED ST8"|"MFGR#1427"|87376424.00
1997|"UNITED ST8"|"MFGR#1428"|113825628.00
1997|"UNITED ST8"|"MFGR#1429"|137488365.00
1997|"UNITED ST8"|"MFGR#143"|106322922.00
1997|"UNITED ST8"|"MFGR#1430"|158421572.00
1997|"UNITED ST8"|"MFGR#1431"|123627789.00
1997|"UNITED ST8"|"MFGR#1432"|140069505.00
1997|"UNITED ST8"|"MFGR#1433"|123929162.00
1997|"UNITED ST8"|"MFGR#1434"|119689782.00
1997|"UNITED ST8"|"MFGR#1435"|140980725.00
1997|"UNITED ST8"|"MFGR#1436"|109859788.00
1997|"UNITED ST8"|"MFGR#1437"|95090030.00
1997|"UNITED ST8"|"MFGR#1438"|87232432.00
1997|"UNITED ST8"|"MFGR#1439"|109272761.00
1997|"UNITED ST8"|"MFGR#144"|87506886.00
1997|"UNITED ST8"|"MFGR#1440"|112785814.00
1997|"UNITED ST8"|"MFGR#145"|120569489.00
1997|"UNITED ST8"|"MFGR#146"|131522806.00
1997|"UNITED ST8"|"MFGR#147"|150981523.00
1997|"UNITED ST8"|"MFGR#148"|129542750.00
1997|"UNITED ST8"|"MFGR#149"|142801283.00
1997|"UNITED ST9"|"MFGR#141"|146071432.00
1997|"UNITED ST9"|"MFGR#1410"|97333183.00
1997|"UNITED ST9"|"MFGR#1411"|155350104.00
1997|"UNITED ST9"|"MFGR#1412"|158005037.00
1997|"UNITED ST9"|"MFGR#1413"|136028466.00
1997|"UNITED ST9"|"MFGR#1414"|102837150.00
1997|"UNITED ST9"|"MFGR#1415"|160364536.00
1997|"UNITED ST9"|"MFGR#1416"|99282455.00
1997|"UNITED ST9"|"MFGR#1417"|109512481.00
1997|"UNITED ST9"|"MFGR#1418"|201489656.00
1997|"UNITED ST9"|"MFGR#1419"|162879039.00
1997|"UNITED ST9"|"MFGR#142"|125929091.00
1997|"UNITED ST9"|"MFGR#1420"|119607560.00
1997|"UNITED ST9"|"MFGR#1421"|107795506.00
1997|"UNITED ST9"|"MFGR#1422"|161768803.00
1997|"UNITED ST9"|"MFGR#1423"|127048322.00
1997|"UNITED ST9"|"MFGR#1424"|127966206.00
1997|"UNITED ST9"|"MFGR#1425"|139529262.00
1997|"UNITED ST9"|"MFGR#1426"|128204574.00
1997|"UNITED ST9"|"MFGR#1427"|139236534.00
1997|"UNITED ST9"|"MFGR#1428"|103977861.00
1997|"UNITED ST9"|"MFGR#1429"|95929505.00
1997|"UNITED ST9"|"MFGR#143"|88998367.00
1997|"UNITED ST9"|"MFGR#1430"|143794411.00
1997|"UNITED ST9"|"MFGR#1431"|136657878.00
1997|"UNITED ST9"|"MFGR#1432"|143405876.00
1997|"UNITED ST9"|"MFGR#1433"|96100510.00
1997|"UNITED ST9"|"MFGR#1434"|91719939.00
1997|"UNITED ST9"|"MFGR#1435"|124646159.00
1997|"UNITED ST9"|"MFGR#1436"|135100250.00
1997|"UNITED ST9"|"MFGR#1437"|111658805.00
1997|"UNITED ST9"|"MFGR#1438"|121825173.00
1997|"UNITED ST9"|"MFGR#1439"|100237723.00
1997|"UNITED ST9"|"MFGR#144"|129219315.00
1997|"UNITED ST9"|"MFGR#1440"|87223433.00
1997|"UNITED ST9"|"MFGR#145"|142706666.00
1997|"UNITED ST9"|"MFGR#146"|142073099.00
1997|"UNITED ST9"|"MFGR#147"|82507209.00
1997|"UNITED ST9"|"MFGR#148"|108399256.00
1997|"UNITED ST9"|"MFGR#149"|111080131.00
1998|"UNITED ST0"|"MFGR#141"|72529750.00
1998|"UNITED ST0"|"MFGR#1410"|76382849.00
1998|"UNITED ST0"|"MFGR#1411"|104836714.00
1998|"UNITED ST0"|"MFGR#1412"|110573055.00
1998|"UNITED ST0"|"MFGR#1413"|75112243.00
1998|"UNITED ST0"|"MFGR#1414"|95772585.00
1998|"UNITED ST0"|"MFGR#1415"|111326480.00
1998|"UNITED ST0"|"MFGR#1416"|57454751.00
1998|"UNITED ST0"|"MFGR#1417"|103311037.00
1998|"UNITED ST0"|"MFGR#1418"|101330404.00
1998|"UNITED ST0"|"MFGR#1419"|67542729.00
1998|"UNITED ST0"|"MFGR#142"|118246629.00
1998|"UNITED ST0"|"MFGR#1420"|108263366.00
1998|"UNITED ST0"|"MFGR#1421"|95738905.00
1998|"UNITED ST0"|"MFGR#1422"|74216205.00
1998|"UNITED ST0"|"MFGR#1423"|93183345.00
1998|"UNITED ST0"|"MFGR#1424"|120148880.00
1998|"UNITED ST0"|"MFGR#1425"|82898839.00
1998|"UNITED ST0"|"MFGR#1426"|106015696.00
1998|"UNITED ST0"|"MFGR#1427"|113428305.00
1998|"UNITED ST0"|"MFGR#1428"|57112791.00
1998|"UNITED ST0"|"MFGR#1429"|81172099.00
1998|"UNITED ST0"|"MFGR#143"|84031086.00
1998|"UNITED ST0"|"MFGR#1430"|120556065.00
1998|"UNITED ST0"|"MFGR#1431"|88332856.00
1998|"UNITED ST0"|"MFGR#1432"|135241663.00
1998|"UNITED ST0"|"MFGR#1433"|94986395.00
1998|"UNITED ST0"|"MFGR#1434"|96268215.00
1998|"UNITED ST0"|"MFGR#1435"|90640814.00
1998|"UNITED ST0"|"MFGR#1436"|103941541.00
1998|"UNITED ST0"|"MFGR#1437"|82347065.00
1998|"UNITED ST0"|"MFGR#1438"|103430159.00
1998|"UNITED ST0"|"MFGR#1439"|75499218.00
1998|"UNITED ST0"|"MFGR#144"|86072692.00
1998|"UNITED ST0"|"MFGR#1440"|95468365.00
1998|"UNITED ST0"|"MFGR#145"|88574027.00
1998|"UNITED ST0"|"MFGR#146"|104666983.00
1998|"UNITED ST0"|"MFGR#147"|75595452.00
1998|"UNITED ST0"|"MFGR#148"|99472018.00
1998|"UNITED ST0"|"MFGR#149"|85619920.00
1998|"UNITED ST1"|"MFGR#141"|104825968.00
1998|"UNITED ST1"|"MFGR#1410"|68330539.00
1998|"UNITED ST1"|"MFGR#1411"|79307951.00
1998|"UNITED ST1"|"MFGR#1412"|44821973.00
1998|"UNITED ST1"|"MFGR#1413"|64532021.00
1998|"UNITED ST1"|"MFGR#1414"|75265792.00
1998|"UNITED ST1"|"MFGR#1415"|108968829.00
1998|"UNITED ST1"|"MFGR#1416"|61667824.00
1998|"UNITED ST1"|"MFGR#1417"|90844595.00
1998|"UNITED ST1"|"MFGR#1418"|65059937.00
1998|"UNITED ST1"|"MFGR#1419"|90305852.00
1998|"UNITED ST1"|"MFGR#142"|135164002.00
1998|"UNITED ST1"|"MFGR#1420"|66737733.00
1998|"UNITED ST1"|"MFGR#1421"|63598304.00
1998|"UNITED ST1"|"MFGR#1422"|51898777.00
1998|"UNITED ST1"|"MFGR#1423"|54837076.00
1998|"UNITED ST1"|"MFGR#1424"|82777081.00
1998|"UNITED ST1"|"MFGR#1425"|87904417.00
1998|"UNITED ST1"|"MFGR#1426"|93931317.00
1998|"UNITED ST1"|"MFGR#1427"|70812199.00
1998|"UNITED ST1"|"MFGR#1428"|89836188.00
1998|"UNITED ST1"|"MFGR#1429"|81283238.00
1998|"UNITED ST1"|"MFGR#143"|97189243.00
1998|"UNITED ST1"|"MFGR#1430"|77958102.00
1998|"UNITED ST1"|"MFGR#1431"|101625900.00
1998|"UNITED ST1"|"MFGR#1432"|103210110.00
1998|"UNITED ST1"|"MFGR#1433"|63594084.00
1998|"UNITED ST1"|"MFGR#1434"|84107741.00
1998|"UNITED ST1"|"MFGR#1435"|56013456.00
1998|"UNITED ST1"|"MFGR#1436"|127178539.00
1998|"UNITED ST1"|"MFGR#1437"|84800181.00
1998|"UNITED ST1"|"MFGR#1438"|87023634.00
1998|"UNITED ST1"|"MFGR#1439"|75484817.00
1998|"UNITED ST1"|"MFGR#144"|71948066.00
1998|"UNITED ST1"|"MFGR#1440"|100771224.00
1998|"UNITED ST1"|"MFGR#145"|111473384.00
1998|"UNITED ST1"|"MFGR#146"|42516169.00
1998|"UNITED ST1"|"MFGR#147"|83138102.00
1998|"UNITED ST1"|"MFGR#148"|83808510.00
1998|"UNITED ST1"|"MFGR#149"|66988921.00
1998|"UNITED ST2"|"MFGR#141"|63904648.00
1998|"UNITED ST2"|"MFGR#1410"|49628115.00
1998|"UNITED ST2"|"MFGR#1411"|56353221.00
1998|"UNITED ST2"|"MFGR#1412"|38011799.00
1998|"UNITED ST2"|"MFGR#1413"|54915567.00
1998|"UNITED ST2"|"MFGR#1414"|56966918.00
1998|"UNITED ST2"|"MFGR#1415"|37381431.00
1998|"UNITED ST2"|"MFGR#1416"|45526402.00
1998|"UNITED ST2"|"MFGR#1417"|65801843.00
1998|"UNITED ST2"|"MFGR#1418"|54224449.00
1998|"UNITED ST2"|"MFGR#1419"|61849426.00
1998|"UNITED ST2"|"MFGR#142"|49258227.00
1998|"UNITED ST2"|"MFGR#1420"|50565037.00
1998|"UNITED ST2"|"MFGR#1421"|78580893.00
1998|"UNITED ST2"|"MFGR#1422"|31365391.00
1998|"UNITED ST2"|"MFGR#1423"|59008714.00
1998|"UNITED ST2"|"MFGR#1424"|69681678.00
1998|"UNITED ST2"|"MFGR#1425"|54100298.00
1998|"UNITED ST2"|"MFGR#1426"|57457894.00
1998|"UNITED ST2"|"MFGR#1427"|79692462.00
1998|"UNITED ST2"|"MFGR#1428"|38894549.00
1998|"UNITED ST2"|"MFGR#1429"|62279351.00
1998|"UNITED ST2"|"MFGR#143"|37449774.00
1998|"UNITED ST2"|"MFGR#1430"|49837837.00
1998|"UNITED ST2"|"MFGR#1431"|77156011.00
1998|"UNITED ST2"|"MFGR#1432"|62213597.00
1998|"UNITED ST2"|"MFGR#1433"|60314906.00
1998|"UNITED ST2"|"MFGR#1434"|90406506.00
1998|"UNITED ST2"|"MFGR#1435"|59611994.00
1998|"UNITED ST2"|"MFGR#1436"|29986430.00
1998|"UNITED ST2"|"MFGR#1437"|44819238.00
1998|"UNITED ST2"|"MFGR#1438"|67231115.00
1998|"UNITED ST2"|"MFGR#1439"|20155296.00
1998|"UNITED ST2"|"MFGR#144"|74827790.00
1998|"UNITED ST2"|"MFGR#1440"|47428177.00
1998|"UNITED ST2"|"MFGR#145"|87735111.00
1998|"UNITED ST2"|"MFGR#146"|57764393.00
1998|"UNITED ST2"|"MFGR#147"|46772277.00
1998|"UNITED ST2"|"MFGR#148"|52134809.00
1998|"UNITED ST2"|"MFGR#149"|35952962.00
1998|"UNITED ST3"|"MFGR#141"|68068049.00
1998|"UNITED ST3"|"MFGR#1410"|38039345.00
1998|"UNITED ST3"|"MFGR#1411"|67522008.00
1998|"UNITED ST3"|"MFGR#1412"|94625579.00
1998|"UNITED ST3"|"MFGR#1413"|106784791.00
1998|"UNITED ST3"|"MFGR#1414"|74255524.00
1998|"UNITED ST3"|"MFGR#1415"|92706292.00
1998|"UNITED ST3"|"MFGR#1416"|69563208.00
1998|"UNITED ST3"|"MFGR#1417"|67734622.00
1998|"UNITED ST3"|"MFGR#1418"|72737260.00
1998|"UNITED ST3"|"MFGR#1419"|53333272.00
1998|"UNITED ST3"|"MFGR#142"|123559359.00
1998|"UNITED ST3"|"MFGR#1420"|28570418.00
1998|"UNITED ST3"|"MFGR#1421"|67014834.00
1998|"UNITED ST3"|"MFGR#1422"|68092412.00
1998|"UNITED ST3"|"MFGR#1423"|79444450.00
1998|"UNITED ST3"|"MFGR#1424"|76996279.00
1998|"UNITED ST3"|"MFGR#1425"|81414529.00
1998|"UNITED ST3"|"MFGR#1426"|53386887.00
1998|"UNITED ST3"|"MFGR#1427"|49103469.00
1998|"UNITED ST3"|"MFGR#1428"|36880121.00
1998|"UNITED ST3"|"MFGR#1429"|59646214.00
1998|"UNITED ST3"|"MFGR#143"|56244701.00
1998|"UNITED ST3"|"MFGR#1430"|83031462.00
1998|"UNITED ST3"|"MFGR#1431"|119589227.00
1998|"UNITED ST3"|"MFGR#1432"|60610901.00
1998|"UNITED ST3"|"MFGR#1433"|54962065.00
1998|"UNITED ST3"|"MFGR#1434"|64780032.00
1998|"UNITED ST3"|"MFGR#1435"|73713569.00
1998|"UNITED ST3"|"MFGR#1436"|59989043.00
1998|"UNITED ST3"|"MFGR#1437"|68185153.00
1998|"UNITED ST3"|"MFGR#1438"|78970178.00
1998|"UNITED ST3"|"MFGR#1439"|36104048.00
1998|"UNITED ST3"|"MFGR#144"|40395027.00
1998|"UNITED ST3"|"MFGR#1440"|56764313.00
1998|"UNITED ST3"|"MFGR#145"|92058691.00
1998|"UNITED ST3"|"MFGR#146"|36990945.00
1998|"UNITED ST3"|"MFGR#147"|62276149.00
1998|"UNITED ST3"|"MFGR#148"|34142484.00
1998|"UNITED ST3"|"MFGR#149"|75875327.00
1998|"UNITED ST4"|"MFGR#141"|101434089.00
1998|"UNITED ST4"|"MFGR#1410"|83119768.00
1998|"UNITED ST4"|"MFGR#1411"|142094118.00
1998|"UNITED ST4"|"MFGR#1412"|114152290.00
1998|"UNITED ST4"|"MFGR#1413"|119019809.00
1998|"UNITED ST4"|"MFGR#1414"|50462803.00
1998|"UNITED ST4"|"MFGR#1415"|80394801.00
1998|"UNITED ST4"|"MFGR#1416"|93552827.00
1998|"UNITED ST4"|"MFGR#1417"|118628875.00
1998|"UNITED ST4"|"MFGR#1418"|79155002.00
1998|"UNITED ST4"|"MFGR#1419"|90245409.00
1998|"UNITED ST4"|"MFGR#142"|79845432.00
1998|"UNITED ST4"|"MFGR#1420"|111417332.00
1998|"UNITED ST4"|"MFGR#1421"|123545950.00
1998|"UNITED ST4"|"MFGR#1422"|103050639.00
1998|"UNITED ST4"|"MFGR#1423"|134714334.00
1998|"UNITED ST4"|"MFGR#1424"|89781197.00
1998|"UNITED ST4"|"MFGR#1425"|92845592.00
1998|"UNITED ST4"|"MFGR#1426"|95016624.00
1998|"UNITED ST4"|"MFGR#1427"|105636282.00
1998|"UNITED ST4"|"MFGR#1428"|84615207.00
1998|"UNITED ST4"|"MFGR#1429"|151603638.00
1998|"UNITED ST4"|"MFGR#143"|104306682.00
1998|"UNITED ST4"|"MFGR#1430"|129334251.00
1998|"UNITED ST4"|"MFGR#1431"|134436260.00
1998|"UNITED ST4"|"MFGR#1432"|83067943.00
1998|"UNITED ST4"|"MFGR#1433"|102191883.00
1998|"UNITED ST4"|"MFGR#1434"|118183954.00
1998|"UNITED ST4"|"MFGR#1435"|93712346.00
1998|"UNITED ST4"|"MFGR#1436"|107777148.00
1998|"UNITED ST4"|"MFGR#1437"|62576183.00
1998|"UNITED ST4"|"MFGR#1438"|77715827.00
1998|"UNITED ST4"|"MFGR#1439"|100278035.00
1998|"UNITED ST4"|"MFGR#144"|68832721.00
1998|"UNITED ST4"|"MFGR#1440"|73824547.00
1998|"UNITED ST4"|"MFGR#145"|59583246.00
1998|"UNITED ST4"|"MFGR#146"|71717586.00
1998|"UNITED ST4"|"MFGR#147"|75244192.00
1998|"UNITED ST4"|"MFGR#148"|78979610.00
1998|"UNITED ST4"|"MFGR#149"|81931807.00
1998|"UNITED ST5"|"MFGR#141"|45915550.00
1998|"UNITED ST5"|"MFGR#1410"|81528940.00
1998|"UNITED ST5"|"MFGR#1411"|62665527.00
1998|"UNITED ST5"|"MFGR#1412"|50184582.00
1998|"UNITED ST5"|"MFGR#1413"|77599884.00
1998|"UNITED ST5"|"MFGR#1414"|82847901.00
1998|"UNITED ST5"|"MFGR#1415"|77941492.00
1998|"UNITED ST5"|"MFGR#1416"|51449922.00
1998|"UNITED ST5"|"MFGR#1417"|61986627.00
1998|"UNITED ST5"|"MFGR#1418"|77724424.00
1998|"UNITED ST5"|"MFGR#1419"|81803866.00
1998|"UNITED ST5"|"MFGR#142"|72612975.00
1998|"UNITED ST5"|"MFGR#1420"|65187039.00
1998|"UNITED ST5"|"MFGR#1421"|79306831.00
1998|"UNITED ST5"|"MFGR#1422"|44609977.00
1998|"UNITED ST5"|"MFGR#1423"|63726409.00
1998|"UNITED ST5"|"MFGR#1424"|49188910.00
1998|"UNITED ST5"|"MFGR#1425"|98943897.00
1998|"UNITED ST5"|"MFGR#1426"|77629596.00
1998|"UNITED ST5"|"MFGR#1427"|82002764.00
1998|"UNITED ST5"|"MFGR#1428"|56675175.00
1998|"UNITED ST5"|"MFGR#1429"|38902765.00
1998|"UNITED ST5"|"MFGR#143"|79072854.00
1998|"UNITED ST5"|"MFGR#1430"|76497235.00
1998|"UNITED ST5"|"MFGR#1431"|84997887.00
1998|"UNITED ST5"|"MFGR#1432"|67559415.00
1998|"UNITED ST5"|"MFGR#1433"|69947387.00
1998|"UNITED ST5"|"MFGR#1434"|75092458.00
1998|"UNITED ST5"|"MFGR#1435"|98321096.00
1998|"UNITED ST5"|"MFGR#1436"|107761503.00
1998|"UNITED ST5"|"MFGR#1437"|82943933.00
1998|"UNITED ST5"|"MFGR#1438"|53275203.00
1998|"UNITED ST5"|"MFGR#1439"|56820506.00
1998|"UNITED ST5"|"MFGR#144"|48152556.00
1998|"UNITED ST5"|"MFGR#1440"|108522298.00
1998|"UNITED ST5"|"MFGR#145"|69278440.00
1998|"UNITED ST5"|"MFGR#146"|90352934.00
1998|"UNITED ST5"|"MFGR#147"|33354923.00
1998|"UNITED ST5"|"MFGR#148"|97976166.00
1998|"UNITED ST5"|"MFGR#149"|85122163.00
1998|"UNITED ST6"|"MFGR#141"|61487215.00
1998|"UNITED ST6"|"MFGR#1410"|80940636.00
1998|"UNITED ST6"|"MFGR#1411"|114841287.00
1998|"UNITED ST6"|"MFGR#1412"|103447395.00
1998|"UNITED ST6"|"MFGR#1413"|72273720.00
1998|"UNITED ST6"|"MFGR#1414"|56603410.00
1998|"UNITED ST6"|"MFGR#1415"|76211701.00
1998|"UNITED ST6"|"MFGR#1416"|59460288.00
1998|"UNITED ST6"|"MFGR#1417"|77743551.00
1998|"UNITED ST6"|"MFGR#1418"|95010520.00
1998|"UNITED ST6"|"MFGR#1419"|88121184.00
1998|"UNITED ST6"|"MFGR#142"|60590477.00
1998|"UNITED ST6"|"MFGR#1420"|86694362.00
1998|"UNITED ST6"|"MFGR#1421"|53173394.00
1998|"UNITED ST6"|"MFGR#1422"|50325245.00
1998|"UNITED ST6"|"MFGR#1423"|39923966.00
1998|"UNITED ST6"|"MFGR#1424"|62206952.00
1998|"UNITED ST6"|"MFGR#1425"|47453133.00
1998|"UNITED ST6"|"MFGR#1426"|59338875.00
1998|"UNITED ST6"|"MFGR#1427"|76605615.00
1998|"UNITED ST6"|"MFGR#1428"|77861613.00
1998|"UNITED ST6"|"MFGR#1429"|91179697.00
1998|"UNITED ST6"|"MFGR#143"|77013750.00
1998|"UNITED ST6"|"MFGR#1430"|50269847.00
1998|"UNITED ST6"|"MFGR#1431"|67084522.00
1998|"UNITED ST6"|"MFGR#1432"|60838100.00
1998|"UNITED ST6"|"MFGR#1433"|75521240.00
1998|"UNITED ST6"|"MFGR#1434"|76632247.00
1998|"UNITED ST6"|"MFGR#1435"|70031313.00
1998|"UNITED ST6"|"MFGR#1436"|83577497.00
1998|"UNITED ST6"|"MFGR#1437"|76720874.00
1998|"UNITED ST6"|"MFGR#1438"|87024344.00
1998|"UNITED ST6"|"MFGR#1439"|59448392.00
1998|"UNITED ST6"|"MFGR#144"|100367518.00
1998|"UNITED ST6"|"MFGR#1440"|59050179.00
1998|"UNITED ST6"|"MFGR#145"|88703921.00
1998|"UNITED ST6"|"MFGR#146"|59743922.00
1998|"UNITED ST6"|"MFGR#147"|48689388.00
1998|"UNITED ST6"|"MFGR#148"|63024509.00
1998|"UNITED ST6"|"MFGR#149"|51822009.00
1998|"UNITED ST7"|"MFGR#141"|72287271.00
1998|"UNITED ST7"|"MFGR#1410"|70856804.00
1998|"UNITED ST7"|"MFGR#1411"|135183063.00
1998|"UNITED ST7"|"MFGR#1412"|63213807.00
1998|"UNITED ST7"|"MFGR#1413"|85912890.00
1998|"UNITED ST7"|"MFGR#1414"|59793109.00
1998|"UNITED ST7"|"MFGR#1415"|98211246.00
1998|"UNITED ST7"|"MFGR#1416"|86268392.00
1998|"UNITED ST7"|"MFGR#1417"|107635959.00
1998|"UNITED ST7"|"MFGR#1418"|126594715.00
1998|"UNITED ST7"|"MFGR#1419"|100514053.00
1998|"UNITED ST7"|"MFGR#142"|128070378.00
1998|"UNITED ST7"|"MFGR#1420"|114516102.00
1998|"UNITED ST7"|"MFGR#1421"|112751756.00
1998|"UNITED ST7"|"MFGR#1422"|38347158.00
1998|"UNITED ST7"|"MFGR#1423"|67996370.00
1998|"UNITED ST7"|"MFGR#1424"|114622418.00
1998|"UNITED ST7"|"MFGR#1425"|70268156.00
1998|"UNITED ST7"|"MFGR#1426"|88470862.00
1998|"UNITED ST7"|"MFGR#1427"|110327456.00
1998|"UNITED ST7"|"MFGR#1428"|86078794.00
1998|"UNITED ST7"|"MFGR#1429"|82245262.00
1998|"UNITED ST7"|"MFGR#143"|64198491.00
1998|"UNITED ST7"|"MFGR#1430"|87542630.00
1998|"UNITED ST7"|"MFGR#1431"|112948491.00
1998|"UNITED ST7"|"MFGR#1432"|85148032.00
1998|"UNITED ST7"|"MFGR#1433"|151737396.00
1998|"UNITED ST7"|"MFGR#1434"|76360040.00
1998|"UNITED ST7"|"MFGR#1435"|84375845.00
1998|"UNITED ST7"|"MFGR#1436"|75058452.00
1998|"UNITED ST7"|"MFGR#1437"|89029932.00
1998|"UNITED ST7"|"MFGR#1438"|70354056.00
1998|"UNITED ST7"|"MFGR#1439"|77463110.00
1998|"UNITED ST7"|"MFGR#144"|82675794.00
1998|"UNITED ST7"|"MFGR#1440"|76041949.00
1998|"UNITED ST7"|"MFGR#145"|87531183.00
1998|"UNITED ST7"|"MFGR#146"|67783041.00
1998|"UNITED ST7"|"MFGR#147"|57560203.00
1998|"UNITED ST7"|"MFGR#148"|91531777.00
1998|"UNITED ST7"|"MFGR#149"|121824984.00
1998|"UNITED ST8"|"MFGR#141"|56122392.00
1998|"UNITED ST8"|"MFGR#1410"|70685347.00
1998|"UNITED ST8"|"MFGR#1411"|88029721.00
1998|"UNITED ST8"|"MFGR#1412"|76674554.00
1998|"UNITED ST8"|"MFGR#1413"|40125731.00
1998|"UNITED ST8"|"MFGR#1414"|59351716.00
1998|"UNITED ST8"|"MFGR#1415"|85029883.00
1998|"UNITED ST8"|"MFGR#1416"|71724230.00
1998|"UNITED ST8"|"MFGR#1417"|93569634.00
1998|"UNITED ST8"|"MFGR#1418"|62299386.00
1998|"UNITED ST8"|"MFGR#1419"|71219303.00
1998|"UNITED ST8"|"MFGR#142"|82303167.00
1998|"UNITED ST8"|"MFGR#1420"|40833106.00
1998|"UNITED ST8"|"MFGR#1421"|89357209.00
1998|"UNITED ST8"|"MFGR#1422"|57438397.00
1998|"UNITED ST8"|"MFGR#1423"|76131314.00
1998|"UNITED ST8"|"MFGR#1424"|60647872.00
1998|"UNITED ST8"|"MFGR#1425"|46335514.00
1998|"UNITED ST8"|"MFGR#1426"|66974476.00
1998|"UNITED ST8"|"MFGR#1427"|79385743.00
1998|"UNITED ST8"|"MFGR#1428"|66519629.00
1998|"UNITED ST8"|"MFGR#1429"|73495198.00
1998|"UNITED ST8"|"MFGR#143"|59958213.00
1998|"UNITED ST8"|"MFGR#1430"|71222614.00
1998|"UNITED ST8"|"MFGR#1431"|71136695.00
1998|"UNITED ST8"|"MFGR#1432"|47855903.00
1998|"UNITED ST8"|"MFGR#1433"|56801792.00
1998|"UNITED ST8"|"MFGR#1434"|81286325.00
1998|"UNITED ST8"|"MFGR#1435"|85342028.00
1998|"UNITED ST8"|"MFGR#1436"|79090831.00
1998|"UNITED ST8"|"MFGR#1437"|87037821.00
1998|"UNITED ST8"|"MFGR#1438"|53715939.00
1998|"UNITED ST8"|"MFGR#1439"|50947106.00
1998|"UNITED ST8"|"MFGR#144"|43641100.00
1998|"UNITED ST8"|"MFGR#1440"|78051469.00
1998|"UNITED ST8"|"MFGR#145"|90334604.00
1998|"UNITED ST8"|"MFGR#146"|70348563.00
1998|"UNITED ST8"|"MFGR#147"|66426305.00
1998|"UNITED ST8"|"MFGR#148"|73618886.00
1998|"UNITED ST8"|"MFGR#149"|31803304.00
1998|"UNITED ST9"|"MFGR#141"|61711098.00
1998|"UNITED ST9"|"MFGR#1410"|53727519.00
1998|"UNITED ST9"|"MFGR#1411"|68636369.00
1998|"UNITED ST9"|"MFGR#1412"|75611646.00
1998|"UNITED ST9"|"MFGR#1413"|61057413.00
1998|"UNITED ST9"|"MFGR#1414"|69295548.00
1998|"UNITED ST9"|"MFGR#1415"|94191122.00
1998|"UNITED ST9"|"MFGR#1416"|55433546.00
1998|"UNITED ST9"|"MFGR#1417"|112505015.00
1998|"UNITED ST9"|"MFGR#1418"|73734178.00
1998|"UNITED ST9"|"MFGR#1419"|71570525.00
1998|"UNITED ST9"|"MFGR#142"|53706360.00
1998|"UNITED ST9"|"MFGR#1420"|81500395.00
1998|"UNITED ST9"|"MFGR#1421"|119857715.00
1998|"UNITED ST9"|"MFGR#1422"|71237395.00
1998|"UNITED ST9"|"MFGR#1423"|56383360.00
1998|"UNITED ST9"|"MFGR#1424"|66247894.00
1998|"UNITED ST9"|"MFGR#1425"|78740105.00
1998|"UNITED ST9"|"MFGR#1426"|113912234.00
1998|"UNITED ST9"|"MFGR#1427"|72348859.00
1998|"UNITED ST9"|"MFGR#1428"|104142100.00
1998|"UNITED ST9"|"MFGR#1429"|54099155.00
1998|"UNITED ST9"|"MFGR#143"|72100248.00
1998|"UNITED ST9"|"MFGR#1430"|83189958.00
1998|"UNITED ST9"|"MFGR#1431"|88699145.00
1998|"UNITED ST9"|"MFGR#1432"|90376053.00
1998|"UNITED ST9"|"MFGR#1433"|59810443.00
1998|"UNITED ST9"|"MFGR#1434"|51144481.00
1998|"UNITED ST9"|"MFGR#1435"|97217873.00
1998|"UNITED ST9"|"MFGR#1436"|57272649.00
1998|"UNITED ST9"|"MFGR#1437"|74616126.00
1998|"UNITED ST9"|"MFGR#1438"|47109970.00
1998|"UNITED ST9"|"MFGR#1439"|57736569.00
1998|"UNITED ST9"|"MFGR#144"|51770555.00
1998|"UNITED ST9"|"MFGR#1440"|66031732.00
1998|"UNITED ST9"|"MFGR#145"|67365232.00
1998|"UNITED ST9"|"MFGR#146"|82825663.00
1998|"UNITED ST9"|"MFGR#147"|72830474.00
1998|"UNITED ST9"|"MFGR#148"|65976845.00
1998|"UNITED ST9"|"MFGR#149"|89906813.00
